,Name,Label,Formula,Sample,Intensity_x,Unlabeled Fragment,Indistinguishable_isotope,NA Corrected,Intensity_y,NA Corrected with zero,Pool_total,Fractional enrichment
0,Succ,C12 PARENT,C4H4O3,Sample1,0.572503,Succ,"{'C': ['H', 'O']}",0.6022976875003568,0.572503,0.6022976875003568,1.000550271844663,0.6019664423157185
1,Succ,C13-label-1,C4H4O3,Sample1,0.21913200000000002,Succ,"{'C': ['H', 'O']}",0.20134635328741804,0.21913200000000002,0.20134635328741804,1.000550271844663,0.20123561899214332
2,Succ,C13-label-2,C4H4O3,Sample1,0.12248099999999999,Succ,"{'C': ['H', 'O']}",0.11525122968572059,0.12248099999999999,0.11525122968572059,1.000550271844663,0.11518784505773791
3,Succ,C13-label-3,C4H4O3,Sample1,0.054081,Succ,"{'C': ['H', 'O']}",0.05099419518377874,0.054081,0.05099419518377874,1.000550271844663,0.050966149946432344
4,Succ,C13-label-4,C4H4O3,Sample1,0.0318,Succ,"{'C': ['H', 'O']}",0.030660806187388957,0.0318,0.030660806187388957,1.000550271844663,0.03064394368796803
