,Name,Label,Formula,Sample,Intensity_x,Unlabeled Fragment,NA Corrected,Intensity_y,NA Corrected with zero,Pool_total,Fractional enrichment
0,Succ,C12 PARENT,C4H4O3,Sample1,0.572503,Succ,0.6026592017065614,0.572503,0.6026592017065614,1.0005728523848338,0.6023141646009506
1,Succ,C13-label-1,C4H4O3,Sample1,0.21913200000000002,Succ,0.20110945289258605,0.21913200000000002,0.20110945289258605,1.0005728523848338,0.2009943128211484
2,Succ,C13-label-2,C4H4O3,Sample1,0.12248099999999999,Succ,0.11519707447769681,0.12248099999999999,0.11519707447769681,1.0005728523848338,0.11513112134026844
3,Succ,C13-label-3,C4H4O3,Sample1,0.054081,Succ,0.05095734163187368,0.054081,0.05095734163187368,1.0005728523848338,0.05092816730977506
4,Succ,C13-label-4,C4H4O3,Sample1,0.0318,Succ,0.030649781676115893,0.0318,0.030649781676115893,1.0005728523848338,0.030632233927857532
