,Name,Label,Formula,Sample,Intensity_x,Unlabeled Fragment,NA Corrected,Intensity_y,NA Corrected with zero,Pool_total,Fractional enrichment
0,glucose-6-phosphate,C12 PARENT,C6H10O5,1_1,12658.33,glucose-6-phosphate,13683.302429677186,12658.33,13683.302429677186,105745.97843519574,0.1293978516456086
1,glucose-6-phosphate,H2-label-1,C6H10O5,1_1,85214.52,glucose-6-phosphate,92062.13689667099,85214.52,92062.13689667099,105745.97843519574,0.8705970502045086
