,Name,Label,Formula,Sample,Intensity_x,Unlabeled Fragment,Indistinguishable_isotope,NA Corrected,Intensity_y,NA Corrected with zero,Pool_total,Fractional enrichment
0,Glucose,C12 PARENT,C16H22O11,sample1,0.57137616,Glucose,"{'C': ['H', 'O']}",0.7013959285339234,0.57137616,0.7013959285339234,1.0023835348511487,0.6997281022159635
1,Glucose,C13-label-1,C16H22O11,sample1,0.10365168599999999,Glucose,"{'C': ['H', 'O']}",-0.0018012951711384728,0.10365168599999999,0.0,1.0023835348511487,0.0
2,Glucose,C13-label-2,C16H22O11,sample1,0.272023831,Glucose,"{'C': ['H', 'O']}",0.30081411918897,0.272023831,0.30081411918897,1.0023835348511487,0.30009882318511955
3,Glucose,C13-label-3,C16H22O11,sample1,0.04274463,Glucose,"{'C': ['H', 'O']}",-0.0005815638792115579,0.04274463,0.0,1.0023835348511487,0.0
4,Glucose,C13-label-4,C16H22O11,sample1,0.008983722,Glucose,"{'C': ['H', 'O']}",0.00016963978294619753,0.008983722,0.00016963978294619753,1.0023835348511487,0.0001692364020837479
5,Glucose,C13-label-5,C16H22O11,sample1,0.001073253,Glucose,"{'C': ['H', 'O']}",3.390482690324376e-06,0.001073253,3.390482690324376e-06,1.0023835348511487,3.3824205730073704e-06
6,Glucose,C13-label-6,C16H22O11,sample1,0.000132758,Glucose,"{'C': ['H', 'O']}",-2.1794234371337118e-07,0.000132758,0.0,1.0023835348511487,0.0
