,Name,Label,Formula,Sample,Intensity_x,Unlabeled Fragment,NA Corrected,Intensity_y,NA Corrected with zero,Pool_total,Fractional enrichment
0,Glucose,C12 PARENT,C16H22O11,sample1,0.57137616,Glucose,0.7037145325901396,0.57137616,0.7037145325901396,1.0056735083948354,0.6997445261468056
1,Glucose,C13-label-1,C16H22O11,sample1,0.10365168599999999,Glucose,-0.004104075129423512,0.10365168599999999,0.0,1.0056735083948354,0.0
2,Glucose,C13-label-2,C16H22O11,sample1,0.272023831,Glucose,0.3017928427037745,0.272023831,0.3017928427037745,1.0056735083948354,0.30009027799237625
3,Glucose,C13-label-3,C16H22O11,sample1,0.04274463,Glucose,-0.0015686922224460442,0.04274463,0.0,1.0056735083948354,0.0
4,Glucose,C13-label-4,C16H22O11,sample1,0.008983722,Glucose,0.00016285009780465237,0.008983722,0.00016285009780465237,1.0056735083948354,0.00016193137876782584
5,Glucose,C13-label-5,C16H22O11,sample1,0.001073253,Glucose,2.778003611870073e-06,0.001073253,2.778003611870073e-06,1.0056735083948354,2.76233150091034e-06
6,Glucose,C13-label-6,C16H22O11,sample1,0.000132758,Glucose,-2.3560814484870226e-07,0.000132758,0.0,1.0056735083948354,0.0
