Name,Formula,Label,sample1
Glucose,C16H22O11,C12 PARENT,0.57137616
Glucose,C16H22O11,C13-label-1,0.103651686
Glucose,C16H22O11,C13-label-2,0.272023831
Glucose,C16H22O11,C13-label-3,0.04274463
Glucose,C16H22O11,C13-label-4,0.008983722
Glucose,C16H22O11,C13-label-5,0.001073253
Glucose,C16H22O11,C13-label-6,0.000132758