,Name,Label,Formula,Sample,Intensity_x,Unlabeled Fragment,NA Corrected,Intensity_y,NA Corrected with zero,Pool_total,Fractional enrichment
0,Glucose,C12 PARENT,C16H22O11,sample1,0.57137616,Glucose,0.7037145325901397,0.57137616,0.7037145325901397,1.0056735083948356,0.6997445261468056
1,Glucose,C13-label-1,C16H22O11,sample1,0.10365168599999999,Glucose,-0.0041040751294234845,0.10365168599999999,0.0,1.0056735083948356,0.0
2,Glucose,C13-label-2,C16H22O11,sample1,0.272023831,Glucose,0.30179284270377443,0.272023831,0.30179284270377443,1.0056735083948356,0.30009027799237614
3,Glucose,C13-label-3,C16H22O11,sample1,0.04274463,Glucose,-0.0015686922224462038,0.04274463,0.0,1.0056735083948356,0.0
4,Glucose,C13-label-4,C16H22O11,sample1,0.008983722,Glucose,0.00016285009780469314,0.008983722,0.00016285009780469314,1.0056735083948356,0.00016193137876786633
5,Glucose,C13-label-5,C16H22O11,sample1,0.001073253,Glucose,2.7780036117426793e-06,0.001073253,2.7780036117426793e-06,1.0056735083948356,2.7623315007836644e-06
6,Glucose,C13-label-6,C16H22O11,sample1,0.000132758,Glucose,-2.3560814458018604e-07,0.000132758,0.0,1.0056735083948356,0.0
